col_0,col_1,col_2,col_3,col_4,col_5,col_6,col_7,col_8,col_9,target
7,5,4,5,0,4,7,7,9,6,54
8,1,3,7,5,2,3,8,5,4,46
1,5,2,1,4,6,7,5,5,6,42
9,9,4,5,4,8,0,8,7,9,63
6,0,2,0,4,3,0,9,8,8,40
0,8,7,2,9,7,4,7,1,6,51
1,3,3,8,0,8,9,5,3,5,45
8,9,7,4,2,3,1,0,4,9,47
4,4,3,0,5,1,5,0,8,8,38
1,0,2,8,4,5,5,6,1,0,32
0,3,8,6,4,6,5,3,3,9,47
0,2,9,5,5,4,3,3,2,2,35
3,8,1,7,1,7,1,8,4,8,48
7,6,2,7,8,6,7,0,9,3,55
2,3,1,0,3,2,9,8,4,5,37
9,1,8,5,8,9,8,8,6,0,62
7,4,0,0,5,5,0,8,3,8,40
4,2,4,5,6,0,9,6,7,2,45
2,9,7,5,5,0,5,0,1,3,37
5,8,0,8,3,4,7,5,4,8,52
5,4,7,8,5,7,8,1,9,3,57
2,8,9,3,6,9,6,8,7,6,64
7,9,9,2,6,8,4,6,1,9,61
0,1,4,7,4,6,3,1,5,6,37
6,0,6,5,1,8,8,3,6,6,49
9,9,5,2,2,9,9,2,9,3,59
3,8,6,0,0,0,5,1,7,8,38
0,9,8,3,1,4,1,0,8,5,39
9,9,1,0,1,0,1,0,8,7,36
9,8,6,1,1,1,0,1,8,2,37
9,3,0,4,1,4,8,7,8,3,47
8,0,0,3,9,4,1,1,3,4,33
5,9,4,8,2,8,4,6,2,2,50
9,6,4,3,9,1,5,1,6,8,52
1,1,0,8,3,6,0,3,4,9,35
8,8,3,1,2,0,8,4,3,1,38
0,6,8,9,5,8,8,3,8,5,60
6,1,4,9,2,2,3,3,3,8,41
6,6,7,6,9,2,4,8,9,7,64
1,4,9,3,0,9,7,7,7,3,50
7,0,3,5,8,2,5,0,9,3,42
6,7,8,0,7,6,4,5,7,4,54
1,4,8,9,2,8,9,2,6,8,57
0,9,7,6,8,4,3,0,3,3,43
2,8,3,4,9,6,6,6,8,9,61
0,4,8,6,8,6,2,4,7,6,51
4,6,8,5,1,9,2,1,4,7,47
3,3,3,5,0,4,1,5,1,8,33
3,3,1,8,9,1,6,0,8,6,45
6,9,8,7,7,6,4,0,9,5,61
7,2,6,7,5,8,5,6,9,5,60
2,4,6,8,0,6,1,2,1,0,30
1,4,1,5,8,0,2,1,2,3,27
8,9,0,9,0,0,6,8,2,5,47
0,6,7,2,1,5,9,0,5,7,42
7,2,7,0,7,3,8,8,3,7,52
6,7,3,0,1,4,7,4,6,3,41
7,3,3,1,2,6,0,6,3,6,37
7,8,5,9,7,5,2,4,9,0,56
3,3,2,7,1,1,8,6,6,2,39
1,7,3,7,0,9,9,8,1,5,50
2,3,8,7,1,1,7,6,1,1,37
4,1,6,7,4,1,4,2,8,9,46
8,0,6,2,5,8,0,3,4,6,42
9,6,8,3,0,0,2,7,1,9,45
6,3,6,3,3,6,7,7,1,7,49
1,3,0,8,7,6,9,4,9,0,47
7,4,5,9,0,6,6,5,7,1,50
4,2,0,2,0,4,7,9,9,5,42
1,6,4,5,2,3,2,0,0,6,29
3,3,3,9,2,0,7,3,8,3,41
0,4,1,1,4,8,0,0,3,5,26
9,7,4,2,3,4,2,1,1,8,41
2,0,8,8,7,0,3,1,0,5,34
3,5,6,5,1,2,7,5,8,6,48
9,3,2,2,3,5,6,6,9,5,50
6,1,4,5,3,6,3,0,2,0,30
2,0,9,0,5,8,9,7,5,8,53
8,8,5,6,6,8,6,3,9,0,59
9,7,2,1,9,1,7,7,3,1,47
9,2,7,6,9,4,7,1,6,7,58
3,0,2,6,7,6,9,3,0,5,41
4,7,2,9,5,1,0,7,7,0,42
8,0,1,5,8,4,4,5,9,2,46
1,9,0,3,3,4,9,6,2,3,40
9,6,4,0,4,2,6,9,9,9,58
7,1,8,5,7,1,8,9,9,7,62
2,2,3,5,5,8,1,7,7,0,40
8,2,8,2,6,7,6,8,2,7,56
1,3,8,2,3,3,7,6,6,5,44
7,7,1,4,7,0,9,4,0,6,45
7,0,3,2,3,0,6,4,9,0,34
9,2,3,8,4,6,7,2,1,5,47
7,1,8,9,0,3,3,3,4,7,45
5,6,2,9,0,4,9,3,7,4,49
3,9,9,9,5,0,4,9,4,0,52
2,0,4,0,4,5,2,4,8,7,36
8,3,3,6,7,5,1,4,3,3,43
9,9,3,4,7,3,2,7,0,9,53
3,6,2,9,1,5,7,4,9,2,48
6,3,1,6,2,5,4,7,0,8,42
7,6,4,3,3,9,7,4,4,0,47
8,0,7,7,1,4,6,4,6,1,44
0,7,6,9,8,4,8,0,0,9,51
2,8,7,9,0,7,3,5,0,6,47
4,6,9,7,1,2,7,8,0,8,52
9,9,8,9,2,9,7,6,4,4,67
7,8,3,9,3,6,3,2,6,0,47
4,8,6,4,5,1,4,6,1,9,48
8,2,8,8,0,9,8,5,2,9,59
0,6,2,6,2,4,4,9,4,1,38
9,9,3,2,1,6,9,3,9,2,53
7,5,6,6,2,3,5,6,7,5,52
4,0,1,5,2,6,3,6,2,6,35
6,9,6,4,1,3,0,8,5,7,49
1,2,0,7,5,8,5,0,9,9,46
7,9,7,9,1,5,8,5,5,5,61
7,8,3,6,2,2,8,4,9,4,53
5,3,9,5,1,3,6,8,6,7,53
4,9,3,0,1,2,8,4,7,3,41
7,0,1,7,6,2,8,0,0,3,34
1,9,7,9,1,8,8,2,8,7,60
3,5,6,4,5,8,5,0,8,8,52
4,6,3,6,4,9,4,9,7,4,56
1,6,3,4,5,5,5,9,9,3,50
1,0,7,6,5,4,7,7,7,0,44
6,4,2,8,7,7,3,7,4,8,56
8,8,4,2,0,1,7,6,7,9,52
6,7,1,3,3,3,5,7,9,3,47
5,4,8,2,3,8,6,4,6,8,54
3,5,9,3,3,5,2,0,4,3,37
1,3,1,7,3,1,1,2,1,0,20
3,9,8,9,2,9,8,1,9,1,59
5,6,6,3,2,7,7,2,7,5,50
6,0,5,5,1,1,6,7,9,5,45
8,1,2,5,9,4,5,0,2,5,41
8,2,9,7,4,3,7,7,6,2,55
9,7,7,8,3,4,5,2,0,8,53
6,1,3,9,8,5,8,0,3,1,44
3,3,3,0,9,0,5,0,0,1,24
2,0,8,8,8,9,3,4,2,6,50
7,0,7,4,7,5,2,9,2,0,43
5,6,5,1,0,4,3,5,1,9,39
6,9,8,8,3,4,2,7,8,8,63
9,7,9,0,3,7,7,7,2,7,58
0,7,8,6,9,0,2,4,9,0,45
1,6,2,7,2,7,3,0,6,4,38
0,8,6,2,3,3,5,1,2,5,35
0,6,3,8,8,3,3,9,2,6,48
7,0,6,8,0,2,4,7,0,3,37
5,1,7,0,9,6,2,9,4,2,45
7,9,2,6,5,2,6,4,1,0,42
2,6,1,4,6,4,6,2,3,7,41
1,0,8,0,0,7,6,8,0,5,35
7,2,4,3,5,6,4,4,5,5,45
6,8,0,6,5,2,5,7,2,6,47
6,5,3,4,1,4,4,5,1,5,38
5,2,7,5,2,0,1,4,0,1,27
7,1,1,7,6,4,9,4,0,4,43
3,4,2,2,3,0,3,6,9,7,39
3,7,7,0,1,4,1,9,1,2,35
5,4,6,3,4,1,7,3,6,5,44
3,1,5,8,7,2,6,2,3,1,38
4,8,2,8,6,3,3,1,9,8,52
3,2,8,2,8,6,0,7,0,1,37
4,1,5,9,0,4,4,5,4,1,37
1,2,2,9,6,7,4,7,6,7,51
7,4,4,7,8,8,9,0,6,8,61
6,0,3,5,6,0,0,1,9,7,37
0,4,9,2,1,0,2,7,9,2,36
3,5,7,5,1,9,3,1,4,4,42
3,2,3,5,4,2,8,0,3,0,30
4,1,6,7,5,8,0,7,8,1,47
6,9,2,1,7,7,1,3,6,2,44
8,9,4,2,9,1,9,6,2,2,52
7,0,1,3,3,7,3,5,8,8,45
8,2,7,8,6,3,8,4,6,3,55
1,5,3,9,0,2,3,2,1,3,29
1,2,9,9,5,9,5,4,1,7,52
2,5,9,7,9,4,9,8,9,5,67
8,6,6,7,2,1,7,6,2,7,52
1,4,1,8,0,0,3,4,9,0,30
7,2,8,4,3,5,8,2,2,2,43
4,6,7,6,3,6,3,2,9,0,46
8,6,3,4,8,5,8,3,3,8,56
9,0,5,9,9,7,5,6,1,9,60
9,0,3,7,1,4,7,8,1,3,43
8,6,6,2,3,8,7,8,1,5,54
5,9,2,4,0,1,3,4,6,2,36
9,7,7,4,5,8,9,8,0,8,65
5,4,0,9,2,4,0,1,4,1,30
3,8,4,0,5,3,3,8,6,1,41
8,3,5,7,8,5,1,7,6,1,51
1,0,8,1,0,6,0,8,8,3,35
2,4,2,2,0,7,6,3,3,9,38
5,0,0,2,4,7,6,5,1,1,31
0,7,5,7,4,8,4,9,9,4,57
0,3,7,6,2,6,9,2,5,0,40
0,5,5,6,7,5,4,4,3,7,46
3,3,8,5,8,3,4,5,5,3,47
5,0,4,9,0,0,7,9,8,8,50
5,1,7,1,6,0,6,5,3,9,43
1,9,8,4,4,6,2,3,1,5,43
7,4,5,7,4,1,6,8,3,1,46
1,5,4,4,2,4,5,1,8,6,40
9,6,7,5,5,8,7,2,2,3,54
8,1,2,8,0,6,4,7,5,8,49
3,7,9,3,2,0,6,4,8,3,45
2,1,6,7,8,0,7,8,1,0,40
3,3,1,6,2,1,5,0,6,7,34
2,4,2,0,0,6,4,5,9,5,37
7,5,1,7,2,9,3,7,0,5,46
1,1,8,5,9,7,4,9,7,0,51
8,8,2,5,0,3,7,4,1,4,42
0,0,2,6,4,6,2,5,4,7,36
7,0,0,8,2,4,7,7,8,6,49
0,3,1,3,3,5,7,4,0,6,32
9,8,0,2,1,3,7,0,2,7,39
5,4,0,0,5,1,4,7,9,5,40
6,2,0,3,1,5,0,7,0,6,30
2,7,1,1,5,3,3,0,8,0,30
1,8,5,9,9,8,7,4,2,7,60
9,7,1,5,5,1,3,0,7,5,43
6,4,2,4,7,0,1,5,8,9,46
0,2,5,6,9,0,3,0,1,6,32
1,7,7,4,8,7,2,4,6,8,54
5,4,8,6,7,0,7,6,2,9,54
5,2,8,6,9,6,1,8,1,7,53
4,4,5,3,3,6,2,9,4,3,43
1,4,0,6,8,1,9,3,1,6,39
7,3,2,2,1,5,6,8,2,9,45
8,1,0,1,1,0,4,1,7,4,27
4,6,5,6,8,2,0,4,0,1,36
7,6,3,8,9,9,5,9,8,9,73
7,4,1,6,8,7,5,3,2,3,46
2,2,1,6,5,3,8,1,0,1,29
6,9,5,3,1,3,6,7,6,0,46
8,7,8,3,6,0,6,0,1,9,48
5,3,8,0,4,8,7,0,5,8,48
0,9,9,5,5,2,4,6,4,3,47
2,8,2,1,8,3,4,8,4,9,49
2,7,1,7,6,7,4,7,7,5,53
0,7,4,3,3,8,8,9,3,2,47
2,5,4,9,7,5,0,9,4,2,47
7,0,9,4,5,6,0,1,1,4,37
7,4,3,3,7,6,4,5,6,5,50
3,5,0,6,2,4,6,9,7,2,44
0,6,9,3,0,8,6,1,3,9,45
4,3,7,2,0,9,5,8,9,0,47
4,1,9,9,8,0,6,5,3,1,46
8,7,1,0,0,6,7,7,8,2,46
6,9,3,3,5,4,7,1,5,3,46
1,1,4,6,0,4,7,0,7,2,32
8,5,2,2,1,4,8,4,7,9,50
4,6,4,6,7,9,8,9,6,9,68
1,6,7,0,1,5,6,1,1,6,34
9,4,2,4,4,3,0,6,4,4,40
9,9,8,1,6,9,0,6,1,9,58
8,7,4,5,0,2,4,1,8,0,39
7,3,4,2,0,8,8,1,0,7,40
6,6,4,2,3,7,7,5,5,4,49
4,6,5,8,3,1,0,5,1,4,37
9,4,0,5,8,0,1,9,8,6,50
3,7,7,5,9,1,9,1,1,2,45
3,0,7,2,6,2,9,6,5,0,40
3,9,2,7,9,7,3,6,2,1,49
2,0,7,2,8,6,4,6,8,3,46
9,1,4,3,3,3,9,1,8,4,45
7,4,0,7,3,2,1,3,3,2,32
8,3,5,6,2,2,0,0,9,4,39
3,7,7,5,6,4,0,2,2,7,43
7,9,0,8,9,0,5,0,7,9,54
5,1,2,3,6,1,1,8,8,2,37
4,0,7,2,6,7,7,6,7,3,49
9,2,9,0,7,4,0,0,8,1,40
1,1,4,3,9,3,3,4,6,2,36
4,7,7,4,3,5,9,4,6,6,55
0,9,3,8,5,2,5,6,4,5,47
8,5,3,7,7,6,6,6,1,4,53
4,4,5,9,4,7,1,4,6,2,46
6,6,2,2,9,6,1,5,1,8,46
8,2,6,1,7,6,7,4,3,0,44
1,5,7,1,1,3,7,2,3,9,39
2,6,6,7,1,7,4,6,6,2,47
0,0,9,2,2,5,0,2,1,8,29
8,5,1,6,4,6,2,4,8,8,52
4,7,6,6,8,7,6,1,8,9,62
3,4,4,1,9,5,5,6,1,7,45
4,6,3,1,1,6,2,7,7,0,37
6,3,0,0,1,3,9,2,8,7,39
5,5,2,3,3,3,6,6,1,7,41
5,1,1,1,9,8,6,9,4,1,45
3,0,6,5,3,9,6,6,0,3,41
9,2,1,2,6,1,0,0,5,4,30
2,0,4,1,9,8,5,3,1,5,38
9,6,4,7,4,3,5,5,7,7,57
1,1,0,1,1,1,8,3,1,8,25
7,4,5,0,7,0,9,9,6,2,49
4,5,8,1,9,1,5,9,0,2,44
2,9,4,8,5,6,0,3,7,7,51
0,7,3,9,6,8,3,2,2,2,42
3,6,8,6,9,6,3,7,3,8,59
8,5,5,7,2,4,0,6,7,9,53
3,0,3,6,8,9,9,1,6,6,51
4,3,0,2,5,7,1,7,0,0,29
0,4,2,1,2,3,9,9,5,2,37
0,5,0,2,1,0,7,8,0,6,29
0,2,6,7,0,1,3,7,2,2,30
8,6,7,3,4,5,9,1,5,0,48
7,5,0,9,8,1,7,7,6,1,51
2,1,8,5,8,6,3,7,1,1,42
4,5,4,8,6,1,5,4,0,0,37
4,5,5,6,7,5,9,4,4,5,54
0,2,3,0,0,8,3,0,0,2,18
1,3,0,9,0,1,8,4,8,4,38
4,4,8,2,2,4,7,9,2,2,44
3,5,7,9,9,9,4,0,8,8,62
4,5,0,1,3,2,9,8,8,5,45
1,8,6,4,4,5,7,4,5,5,49
8,4,8,2,6,9,4,6,3,6,56
2,4,0,4,5,5,8,8,8,6,50
5,3,1,1,8,1,4,1,0,7,31
8,8,1,9,3,3,0,4,1,1,38
7,3,3,2,4,4,9,3,6,3,44
7,2,9,4,4,4,8,8,4,6,56
9,5,0,4,9,3,8,1,2,5,46
1,6,1,0,0,6,7,0,0,8,29
9,8,0,4,1,0,1,7,0,8,38
0,4,9,8,7,6,7,3,2,7,53
0,5,6,0,8,2,2,8,8,1,40
5,5,8,7,5,6,5,4,1,3,49
3,6,6,2,5,4,4,0,0,4,34
6,8,9,6,4,9,5,8,9,4,68
8,9,9,6,7,1,5,0,2,0,47
5,9,9,5,5,0,1,9,1,6,50
1,3,6,1,8,0,3,4,5,1,32
9,7,0,0,6,8,9,8,7,3,57
5,4,7,2,1,1,7,0,3,3,33
6,0,6,0,1,1,6,4,6,6,36
6,2,2,7,7,2,5,7,6,7,51
9,1,8,2,5,6,8,9,3,2,53
9,1,0,1,8,3,9,7,9,6,53
9,7,3,6,9,6,2,9,1,8,60
8,9,5,6,2,3,5,1,7,4,50
1,9,0,8,5,4,7,6,6,4,50
3,2,7,6,6,4,9,6,6,1,50
7,2,9,0,3,6,6,1,6,6,46
2,8,1,2,7,6,3,4,9,1,43
0,7,1,7,1,1,6,5,5,7,40
8,6,8,0,7,2,3,5,2,0,41
0,8,3,8,3,5,3,6,5,7,48
1,2,5,5,8,1,9,4,7,9,51
5,1,8,9,5,1,5,0,2,1,37
9,8,3,4,0,7,9,8,8,2,58
9,0,7,4,1,1,4,6,6,2,40
4,8,4,7,2,7,1,2,1,6,42
8,4,3,2,5,8,8,8,0,7,53
4,0,0,3,7,3,8,7,9,6,47
0,4,1,0,4,4,7,8,7,7,42
9,9,1,6,4,7,4,0,0,8,48
4,3,7,8,1,6,5,6,5,8,53
5,0,7,5,0,9,1,0,9,5,41
8,9,7,0,0,8,6,9,7,3,57
0,1,8,2,8,1,0,6,6,8,40
2,0,7,3,9,0,6,3,5,2,37
1,4,1,8,3,1,9,7,8,8,50
2,9,3,3,8,7,4,5,1,7,49
6,3,4,9,5,7,2,9,9,7,61
9,6,3,5,2,7,0,1,2,9,44
5,3,0,3,6,5,3,8,2,5,40
0,4,8,8,5,2,9,9,7,9,61
0,1,3,8,4,7,3,5,7,1,39
4,3,9,2,2,9,5,9,0,6,49
3,2,7,1,7,3,7,6,3,5,44
5,2,4,8,6,4,2,7,4,6,48
4,7,4,2,7,0,4,6,2,8,44
8,3,9,0,0,9,5,1,2,9,46
3,0,1,7,4,0,3,2,1,1,22
9,5,6,2,9,1,7,4,3,6,52
1,4,4,9,3,3,5,4,5,5,43
9,0,3,5,8,0,9,7,4,9,54
1,9,6,4,0,1,8,1,2,3,35
9,3,0,8,2,7,0,0,6,9,44
2,6,2,9,7,9,5,0,7,9,56
3,4,1,2,5,1,4,1,3,5,29
9,6,1,0,2,6,2,9,9,6,50
5,4,9,9,4,0,5,5,9,0,50
8,2,3,7,5,4,7,1,0,9,46
7,3,0,8,8,3,4,8,8,0,49
6,1,2,2,5,4,3,2,3,8,36
6,0,6,4,3,2,3,9,1,2,36
7,0,0,0,5,4,0,2,1,2,21
4,3,9,0,0,2,6,3,9,1,37
9,4,5,7,3,8,1,9,6,7,59
7,7,3,9,5,7,9,3,7,7,64
3,5,9,0,5,8,9,3,2,7,51
3,9,0,6,8,1,3,4,7,6,47
6,0,2,0,0,4,2,7,7,1,29
2,5,0,1,4,3,8,2,2,5,32
4,0,9,8,5,4,3,8,9,1,51
4,9,4,3,0,8,7,4,0,1,40
5,7,4,8,8,0,5,6,5,3,51
9,5,7,3,4,8,6,5,1,5,53
8,5,8,1,5,3,4,8,4,6,52
0,0,7,8,1,4,1,3,8,0,32
3,5,1,7,1,8,6,1,4,3,39
1,9,9,3,5,2,7,7,4,0,47
1,4,7,6,0,6,0,6,6,6,42
3,2,8,4,7,2,6,3,1,6,42
1,0,2,9,8,9,2,9,3,7,50
1,4,1,5,0,5,5,2,0,6,29
5,8,0,6,8,6,0,3,9,5,50
7,8,5,2,6,3,6,3,1,9,50
3,7,0,6,2,4,8,1,6,2,39
7,5,4,1,0,3,5,3,7,9,44
0,7,1,8,1,2,2,9,5,7,42
5,8,9,4,6,5,9,2,1,0,49
4,1,2,2,9,2,4,9,2,7,42
4,5,6,4,1,2,4,7,4,6,43
2,5,8,9,0,2,3,4,9,6,48
7,1,5,6,8,0,2,6,7,9,51
2,1,3,4,8,6,8,8,1,1,42
3,4,3,6,1,1,6,6,2,1,33
3,0,7,8,1,9,9,7,9,7,60
1,6,6,5,4,5,5,3,9,3,47
0,8,3,0,5,8,1,8,9,0,42
3,7,0,2,9,3,9,6,7,8,54
6,3,5,6,0,1,9,9,4,4,47
6,2,7,1,4,5,4,3,6,1,39
7,4,7,9,1,0,5,1,4,4,42
9,1,0,3,9,0,6,8,9,4,49
3,1,4,4,2,5,3,5,9,8,44
9,7,3,0,9,3,4,6,9,7,57
5,2,6,2,6,9,6,5,5,4,50
2,9,5,4,4,1,4,7,7,4,47
2,5,9,8,1,6,7,0,5,9,52
1,7,3,0,0,3,6,1,8,9,38
7,0,0,7,6,2,3,7,8,9,49
3,1,0,7,3,9,1,2,6,2,34
3,0,6,4,7,4,9,9,7,9,58
0,4,7,9,0,0,2,7,3,4,36
3,5,4,7,9,6,7,5,2,6,54
3,5,4,2,1,5,5,7,2,8,42
8,9,4,2,4,2,0,3,2,9,43
5,7,5,6,1,5,4,5,6,2,46
3,8,9,2,1,9,1,3,5,1,42
1,3,4,1,0,4,2,4,4,9,32
3,3,5,6,3,7,3,8,9,5,52
2,6,2,3,0,1,4,6,5,4,33
8,4,9,5,2,3,9,6,2,4,52
2,5,3,9,1,0,5,2,0,8,35
9,8,4,2,6,1,4,8,3,1,46
8,3,1,6,2,9,6,2,7,1,45
1,4,1,5,1,7,6,6,9,9,49
1,1,8,9,8,9,2,4,8,3,53
9,2,2,0,6,5,6,3,4,4,41
7,8,7,7,2,5,6,9,4,1,56
7,4,4,7,6,6,3,2,2,2,43
7,1,2,1,7,2,7,0,9,0,36
8,3,4,4,3,8,4,1,1,3,39
3,6,2,6,7,1,8,6,4,3,46
6,6,4,4,8,3,2,3,9,3,48
4,2,1,8,0,5,1,8,9,4,42
8,4,7,9,4,7,5,0,3,5,52
3,8,8,2,6,2,9,5,4,2,49
4,9,9,4,1,9,4,4,4,1,49
2,7,5,6,8,7,3,6,5,7,56
8,3,8,5,7,4,3,6,6,4,54
8,8,7,2,9,0,9,2,6,4,55
4,1,3,9,8,1,9,7,1,7,50
7,1,5,1,0,8,0,7,2,9,40
1,2,5,3,4,5,3,7,5,3,38
9,2,6,2,4,8,4,4,2,8,49
4,9,9,8,3,9,7,5,1,0,55
5,6,5,5,1,8,0,8,6,4,48
7,7,9,5,4,3,7,6,6,3,57
1,9,7,7,4,0,7,4,3,5,47
5,1,3,2,4,9,8,0,0,8,40
5,5,9,9,0,2,0,6,8,9,53
1,2,2,9,5,3,4,0,6,3,35
5,8,4,3,6,4,9,8,0,0,47
2,9,4,7,6,6,8,4,2,8,56
4,5,5,3,7,9,4,8,0,3,48
3,7,5,4,8,3,4,2,2,8,46
6,0,7,2,7,1,0,3,3,7,36
5,1,0,8,2,3,1,5,3,0,28
7,7,6,9,1,6,6,7,6,2,57
8,4,7,5,4,0,3,4,8,8,51
0,3,9,2,6,1,2,4,0,7,34
2,0,0,1,2,3,6,4,2,5,25
2,8,2,4,5,7,2,7,1,7,45
0,0,4,6,4,9,9,9,3,0,44
4,4,9,2,5,9,9,0,2,3,47
5,2,7,2,7,8,8,4,3,3,49
7,4,0,8,2,0,6,4,2,8,41
6,4,3,5,4,3,2,5,9,3,44
5,7,7,6,3,8,5,8,3,3,55
2,0,6,3,0,9,6,1,6,4,37
0,8,4,6,0,3,9,4,4,5,43
2,5,9,7,7,7,4,6,1,2,50
9,0,2,4,5,2,2,7,0,8,39
1,8,6,1,0,9,3,1,6,4,39
5,9,5,6,8,1,7,8,3,8,60
0,0,1,1,6,3,4,3,5,6,29
4,5,1,2,8,2,1,3,1,3,30
5,1,4,7,0,7,6,1,0,2,33
4,5,4,9,3,6,3,4,1,1,40
0,7,9,4,5,1,6,4,0,1,37
5,9,8,8,6,4,3,2,4,7,56
0,9,7,8,1,2,7,1,2,2,39
2,6,9,6,3,8,4,6,1,3,48
0,8,1,9,5,4,4,5,9,5,50
7,3,1,2,6,0,8,9,4,8,48
3,0,8,9,3,7,5,1,8,4,48
0,6,6,5,7,2,6,3,3,6,44
1,4,0,0,1,0,0,2,1,0,9
8,0,4,1,1,2,5,7,7,0,35
3,4,3,3,9,0,0,8,5,5,40
5,8,0,6,0,4,8,7,9,4,51
9,5,5,0,6,5,2,0,3,4,39
5,9,0,4,9,0,3,6,0,6,42
3,7,0,2,6,6,2,9,7,8,50
4,7,8,8,9,8,2,3,7,4,60
1,2,3,3,5,6,3,1,0,2,26
6,8,4,7,1,3,2,2,4,5,42
3,8,9,2,8,9,3,2,6,3,53
7,9,2,3,2,9,8,6,3,8,57
0,9,3,0,4,4,9,9,2,2,42
9,7,4,3,3,8,5,2,2,9,52
7,2,5,2,5,0,0,9,4,2,36
2,6,4,0,8,1,4,3,5,1,34
5,3,0,5,0,1,3,5,5,4,31
7,0,7,1,9,8,0,1,7,7,47
2,7,9,0,4,7,6,5,8,0,48
8,1,5,2,8,8,5,0,3,1,41
9,0,0,9,8,1,4,3,5,6,45
6,0,9,4,1,4,6,0,4,3,37
9,8,0,6,4,3,9,5,7,1,52
3,1,5,9,4,6,1,1,6,7,43
0,8,4,7,9,8,0,4,3,9,52
0,1,3,6,0,8,7,8,5,8,46
3,5,9,4,0,8,0,4,1,2,36
5,5,4,7,5,4,5,4,3,2,44
3,7,1,2,3,9,0,3,4,9,41
2,0,9,7,6,3,6,1,8,6,48
0,9,0,5,8,1,0,3,3,4,33
4,3,8,8,8,0,6,5,9,9,60
0,0,9,8,0,9,6,2,7,5,46
9,3,5,2,0,2,2,4,1,6,34
0,3,3,7,1,2,6,0,3,2,27
5,8,8,4,2,6,5,0,6,4,48
4,3,7,5,4,1,4,0,3,3,34
6,5,8,7,3,7,9,2,9,7,63
0,8,3,0,4,0,6,0,3,7,31
2,9,2,6,8,0,4,4,8,1,44
9,1,4,8,5,4,1,7,7,2,48
7,8,1,7,4,2,0,2,4,8,43
0,6,5,9,1,1,9,4,0,3,38
6,7,5,7,8,7,8,3,8,2,61
1,7,7,5,3,2,9,3,3,1,41
0,3,6,7,0,2,9,2,1,4,34
2,9,2,6,7,4,5,0,4,2,41
6,7,1,8,9,2,1,9,5,5,53
5,6,3,9,4,1,5,8,4,7,52
1,9,0,0,7,2,9,0,9,4,41
1,8,9,9,1,4,0,7,9,2,50
8,1,8,0,5,3,7,3,7,9,51
8,4,3,6,8,2,6,8,9,1,55
8,5,2,6,1,8,8,5,9,1,53
8,6,2,4,9,8,6,9,2,2,56
0,6,0,4,5,3,8,5,5,8,44
2,9,4,8,6,1,4,2,6,9,51
1,0,4,3,1,9,8,4,6,1,37
1,4,5,8,1,0,4,6,3,2,34
6,4,8,7,1,6,1,8,3,8,52
9,3,6,5,8,8,8,2,1,9,59
1,6,7,8,8,1,2,2,0,2,37
8,9,5,4,0,5,4,5,4,9,53
1,3,6,5,0,3,4,1,2,1,26
4,9,0,7,3,2,7,5,9,9,55
6,1,6,7,1,1,8,5,6,5,46
6,0,2,2,6,9,2,8,4,9,48
5,0,2,8,0,9,4,4,8,5,45
6,6,9,1,4,4,7,3,7,9,56
4,2,0,4,1,9,7,0,0,2,29
1,9,4,7,3,0,4,9,5,6,48
6,7,1,2,5,1,6,0,1,1,30
4,0,3,4,6,4,9,3,8,3,44
7,5,4,8,0,9,8,2,8,7,58
3,9,6,9,3,5,2,9,3,3,52
4,0,9,3,2,1,5,1,6,6,37
9,3,3,1,4,5,3,4,2,4,38
3,2,1,9,2,0,2,2,7,3,31
2,5,6,6,9,5,0,3,5,3,44
3,8,5,6,8,4,6,1,9,7,57
5,8,3,9,2,8,7,9,4,7,62
8,3,8,2,7,3,9,8,7,3,58
8,7,2,1,7,3,4,2,4,0,38
4,0,4,3,2,7,3,0,8,6,37
9,1,5,4,1,2,6,4,9,3,44
8,0,8,7,3,3,1,3,1,5,39
2,9,6,1,2,1,6,4,9,6,46
2,7,1,5,2,3,2,8,5,4,39
5,6,5,2,0,8,2,5,7,2,42
5,3,7,6,1,4,1,0,0,3,30
2,9,1,1,4,4,8,8,2,3,42
3,7,2,0,6,5,7,6,2,2,40
2,6,8,7,1,2,6,6,7,1,46
8,3,5,9,2,2,9,3,0,0,41
0,9,0,4,8,7,7,5,4,9,53
9,3,7,7,7,5,3,0,1,4,46
8,7,0,0,7,7,2,2,3,6,42
0,9,5,0,0,3,9,4,8,7,45
8,8,8,5,7,4,8,2,1,9,60
6,2,8,3,0,7,9,9,8,4,56
8,3,9,4,6,4,2,1,4,9,50
6,2,6,3,4,8,8,7,8,2,54
6,0,0,8,4,1,2,6,9,5,41
5,9,8,8,6,4,6,2,1,8,57
9,5,5,8,4,6,7,4,1,6,55
1,6,5,3,7,5,6,8,9,2,52
1,2,5,1,5,5,4,2,8,8,41
6,0,0,8,1,5,7,4,7,5,43
4,3,2,1,1,6,4,5,8,8,42
9,6,2,8,7,2,3,2,2,3,44
1,2,3,8,9,5,3,7,8,4,50
2,2,1,9,9,8,5,6,1,6,49
9,0,5,3,9,3,4,3,9,5,50
0,8,5,8,5,5,0,0,3,2,36
4,3,6,5,5,3,9,1,6,4,46
5,8,0,8,6,7,6,5,5,6,56
1,6,4,0,9,9,7,5,0,4,45
0,6,1,4,6,7,8,6,1,6,45
1,5,6,9,3,4,5,4,1,4,42
7,0,4,5,0,7,0,6,3,0,32
3,0,9,0,2,8,8,7,8,7,52
7,7,6,0,2,2,6,5,1,3,39
7,3,1,7,1,4,7,5,1,3,39
5,4,7,6,0,5,8,1,1,4,41
8,8,4,7,0,6,0,4,0,4,41
3,6,7,3,1,7,7,5,3,6,48
9,0,4,8,4,7,0,3,8,0,43
5,0,0,8,3,5,5,6,4,2,38
3,1,4,1,6,0,1,2,4,6,28
3,2,1,5,4,5,6,0,7,5,38
0,7,1,0,2,5,7,0,8,7,37
9,9,6,0,4,6,5,0,5,5,49
6,6,8,6,2,5,0,5,7,0,45
5,4,3,1,8,8,1,6,7,2,45
3,1,5,2,3,0,7,8,6,4,39
1,7,2,2,2,4,9,5,6,8,46
9,7,2,3,2,9,6,3,9,0,50
8,3,2,9,9,8,2,6,1,8,56
7,1,1,8,3,3,8,1,8,3,43
5,7,5,7,3,8,8,3,8,0,54
8,6,6,9,9,8,9,1,6,9,71
5,0,5,8,1,4,3,4,4,7,41
0,9,8,6,4,1,5,6,3,6,48
1,9,1,2,5,5,0,3,9,8,43
7,7,0,3,8,5,5,0,5,5,45
4,3,8,9,4,3,7,3,1,4,46
9,4,1,3,8,3,8,3,3,4,46
1,1,0,3,0,3,6,2,0,1,17
7,6,3,2,1,7,1,5,9,6,47
7,6,4,6,9,4,2,2,4,5,49
2,2,9,1,5,5,6,1,5,9,45
2,8,7,0,1,8,8,9,3,1,47
5,5,9,2,2,1,8,4,9,0,45
1,3,5,7,5,8,3,7,4,6,49
9,4,6,2,2,5,1,9,7,6,51
4,1,1,4,1,8,0,0,5,9,33
7,5,9,4,7,2,8,6,7,3,58
8,8,9,6,0,9,6,2,0,7,55
8,2,5,8,3,5,5,2,8,9,55
3,7,6,7,2,7,7,0,1,2,42
9,3,0,1,6,1,2,9,7,7,45
7,6,4,5,4,1,1,8,3,5,44
1,8,9,9,8,9,8,9,0,6,67
8,6,5,3,7,3,1,3,4,8,48
4,2,9,0,6,6,4,7,2,2,42
3,3,0,3,1,6,2,1,5,9,33
3,1,8,2,5,8,2,2,1,5,37
9,7,2,2,7,1,0,9,3,8,48
4,8,1,4,9,2,8,6,5,4,51
0,0,6,7,6,5,1,2,5,5,37
1,7,2,7,0,5,1,5,6,0,34
0,6,8,6,7,5,2,7,7,5,53
8,5,4,5,4,8,5,0,0,5,44
9,3,3,6,8,9,1,3,2,4,48
4,1,5,0,5,3,7,3,5,8,41
2,2,3,1,8,2,6,7,5,0,36
8,7,7,0,9,2,3,6,2,0,44
2,2,0,4,1,7,2,8,2,0,28
6,0,1,2,6,8,5,8,0,2,38
9,7,4,7,4,2,6,7,5,1,52
2,6,4,7,4,6,0,8,4,2,43
7,1,0,1,8,2,8,6,0,8,41
1,1,6,0,6,5,5,8,2,1,35
7,3,1,5,4,6,4,4,6,8,48
7,8,3,4,5,1,5,4,1,0,38
7,6,3,8,1,1,5,2,9,7,49
0,0,2,0,2,3,7,3,8,5,30
0,5,2,1,0,3,3,6,6,1,27
8,0,3,5,2,7,2,7,1,6,41
9,9,6,1,5,5,1,6,7,8,57
1,6,2,4,3,1,4,4,3,3,31
1,5,3,1,7,7,7,7,1,7,46
9,6,0,7,8,9,9,6,5,7,66
9,7,6,4,3,5,9,1,5,6,55
0,0,5,3,6,4,0,4,1,6,29
2,4,9,3,8,6,0,4,7,7,50
4,1,8,0,8,4,8,4,2,8,47
5,2,2,2,1,3,9,7,3,9,43
3,2,3,9,1,6,4,4,3,1,36
3,3,7,4,2,7,7,5,6,9,53
8,3,8,7,6,1,8,5,3,0,49
3,3,3,2,6,3,3,4,7,5,39
9,8,4,5,7,5,2,8,8,7,63
4,0,3,8,6,5,5,0,1,1,33
4,2,6,7,6,2,3,6,2,6,44
5,7,3,8,8,9,8,9,3,3,63
2,8,7,4,8,3,3,0,0,2,37
1,5,9,8,1,0,8,9,7,2,50
3,4,1,7,1,0,1,6,4,6,33
7,9,8,1,0,4,4,8,1,9,51
0,1,9,6,6,8,4,5,1,8,48
4,8,7,4,7,3,7,7,7,9,63
4,2,4,7,6,3,2,1,3,8,40
0,6,0,0,7,5,1,6,4,7,36
6,8,4,5,1,6,0,1,4,1,36
7,5,1,3,5,9,0,7,4,8,49
7,9,7,2,8,6,0,3,7,9,58
2,5,6,6,9,0,1,1,1,9,40
7,3,2,3,3,2,3,6,6,4,39
6,3,3,9,6,8,5,9,5,0,54
9,0,0,6,1,4,1,2,8,0,31
2,8,1,1,6,8,9,2,2,2,41
6,2,6,3,9,9,6,8,5,1,55
3,0,0,0,5,9,9,1,2,2,31
6,0,8,3,6,2,4,0,7,0,36
0,4,5,4,6,9,4,8,4,3,47
2,0,0,7,6,3,8,3,8,9,46
5,9,2,6,8,3,3,5,1,3,45
3,0,2,2,3,8,0,0,7,0,25
7,8,2,9,3,8,6,4,5,1,53
4,2,2,6,0,2,4,4,5,9,38
3,6,3,7,0,4,5,6,5,8,47
6,4,3,8,5,9,1,3,5,6,50
7,1,2,2,8,7,0,0,4,7,38
8,3,7,8,1,8,1,2,3,2,43
5,3,2,2,4,9,5,8,9,6,53
0,3,5,4,5,5,9,5,7,7,50
8,2,7,9,7,4,6,1,3,7,54
6,1,9,7,9,1,4,1,9,8,55
6,5,8,9,5,9,6,7,4,2,61
0,6,7,6,8,5,5,5,9,9,60
4,4,0,1,8,1,2,7,0,9,36
4,7,1,8,3,7,5,4,2,7,48
4,4,4,1,4,7,4,8,0,5,41
3,0,2,0,3,4,3,4,2,8,29
0,1,6,2,6,0,9,6,2,1,33
9,0,5,9,8,9,2,6,8,9,65
4,6,2,5,0,8,3,8,9,2,47
3,5,9,2,0,6,3,2,1,2,33
4,6,7,3,0,1,7,5,1,4,38
2,5,8,6,6,7,8,9,5,3,59
5,0,1,3,8,4,8,9,7,3,48
3,3,5,4,1,0,4,0,1,0,21
3,5,3,6,3,3,4,4,1,0,32
5,6,3,4,4,5,3,6,2,0,38
1,7,2,0,9,3,9,0,4,3,38
5,8,6,3,6,1,5,2,5,3,44
8,4,1,2,0,5,7,4,2,6,39
0,9,9,9,3,4,1,2,7,6,50
6,7,2,4,6,5,3,3,7,9,52
5,5,2,1,0,4,7,0,7,0,31
7,5,3,2,6,9,3,4,9,8,56
0,5,8,8,6,5,4,2,0,5,43
0,5,9,1,9,0,1,3,6,1,35
8,0,7,7,0,1,1,2,8,7,41
1,4,5,2,7,6,3,1,6,2,37
1,5,9,2,5,5,6,9,4,0,46
4,2,9,3,5,0,5,7,3,6,44
8,8,9,2,9,8,2,7,8,5,66
4,0,3,0,8,3,4,1,7,5,35
9,9,6,5,4,7,8,4,1,5,58
3,2,8,1,4,3,0,9,4,4,38
8,2,5,7,3,2,7,1,0,5,40
7,7,6,2,4,0,9,6,5,9,55
5,1,1,1,8,3,3,3,2,1,28
8,2,8,3,1,8,8,9,3,4,54
5,9,5,1,6,9,1,5,3,5,49
0,7,4,1,7,3,4,9,2,7,44
2,0,6,6,9,2,6,8,3,7,49
6,4,3,9,9,8,3,7,0,1,50
0,7,3,1,6,3,1,0,4,4,29
8,4,7,4,7,0,8,4,4,6,52
2,0,7,3,2,3,2,5,3,5,32
7,0,7,8,3,2,2,1,8,4,42
5,2,8,4,5,4,8,2,4,6,48
6,1,7,8,6,0,2,8,5,9,52
1,6,6,7,8,4,2,6,1,2,43
1,3,2,1,3,6,6,9,9,9,49
4,7,6,1,6,6,2,3,7,4,46
1,3,4,2,0,2,6,0,0,2,20
3,1,0,6,3,5,4,3,0,5,30
4,4,0,5,6,2,0,0,6,9,36
1,5,8,1,9,8,5,3,3,0,43
9,8,2,1,9,0,8,4,1,8,50
0,7,4,6,9,2,2,4,6,4,44
6,4,8,5,9,9,9,3,6,6,65
9,0,0,5,4,2,8,0,9,2,39
7,4,7,4,1,8,6,8,2,0,47
4,6,2,6,4,2,7,8,0,7,46
6,3,0,0,1,8,0,3,1,6,28
0,1,0,6,2,0,2,1,7,3,22
4,3,0,0,5,0,6,6,6,4,34
7,4,2,9,0,4,1,7,5,5,44
3,3,0,0,7,0,7,7,5,8,40
8,4,6,0,6,4,4,5,9,7,53
9,1,2,4,8,1,3,7,2,2,39
3,0,5,6,7,9,8,0,4,4,46
2,1,0,2,9,7,4,5,7,3,40
4,8,0,9,0,4,2,8,0,0,35
1,4,7,2,1,4,1,7,6,8,41
6,9,2,6,5,3,3,8,9,7,58
4,3,1,3,3,7,0,9,0,1,31
0,9,7,4,6,7,6,0,5,6,50
4,0,3,7,5,7,6,0,3,6,41
2,8,7,8,5,2,4,1,7,6,50
3,2,6,4,8,4,8,4,0,5,44
5,2,4,6,9,4,6,1,0,8,45
7,7,9,1,6,4,0,1,9,8,52
0,8,0,7,5,2,7,2,6,2,39
7,6,3,8,2,6,2,8,7,0,49
2,3,0,8,4,8,5,0,0,6,36
0,6,3,5,8,2,3,4,6,2,39
9,2,6,0,3,2,0,3,5,7,37
5,1,4,7,1,2,4,1,5,9,39
8,4,0,5,3,7,7,2,3,0,39
7,5,5,2,9,2,9,8,6,8,61
3,2,6,9,9,7,6,7,7,4,60
5,2,6,3,5,0,2,6,9,6,44
9,2,9,7,4,4,3,4,7,3,52
1,8,6,0,9,0,3,4,0,1,32
7,1,5,6,6,5,5,6,4,5,50
8,6,5,9,5,2,6,3,3,5,52
0,9,0,9,5,3,0,7,1,1,35
8,1,9,6,1,6,1,2,8,8,50
8,3,9,1,9,4,6,9,3,3,55
9,2,0,6,6,3,5,6,1,0,38
6,9,4,2,0,5,7,2,0,9,44
1,6,3,1,3,8,8,5,8,4,47
4,3,1,8,8,1,1,0,0,3,29
5,2,0,1,3,9,9,1,0,5,35
0,8,1,2,7,9,7,2,7,2,45
1,0,2,3,1,0,2,9,8,6,32
3,4,6,1,1,7,4,7,2,2,37
2,1,9,9,3,1,4,4,2,0,35
6,0,4,0,5,9,9,2,8,0,43
7,1,6,7,3,0,7,5,6,3,45
6,4,9,3,1,8,0,0,2,9,42
2,5,3,7,3,3,9,0,1,0,33
5,1,9,5,5,4,9,3,0,6,47
8,5,1,8,7,4,2,1,3,8,47
1,7,7,0,8,3,3,1,4,4,38
6,0,2,0,0,8,5,9,0,0,30
2,3,2,2,3,8,2,4,2,3,31
1,5,7,6,0,2,1,3,1,1,27
7,8,6,0,8,9,9,9,5,8,69
4,5,7,3,0,3,1,0,4,7,34
3,3,0,8,1,9,5,4,8,2,43
1,7,9,8,0,6,5,5,4,9,54
6,0,5,4,7,0,5,0,3,4,34
6,2,5,7,2,4,4,0,0,1,31
7,4,2,7,3,3,7,9,7,5,54
5,1,4,6,8,3,8,2,3,2,42
5,2,2,5,2,7,2,9,1,6,41
9,9,2,3,8,8,3,4,8,4,58
6,1,2,3,4,1,7,3,8,9,44
3,7,8,5,2,9,1,2,3,3,43
7,5,0,1,9,0,9,9,3,0,43
8,1,3,7,2,4,4,2,7,3,41
1,9,1,8,0,9,1,4,8,3,44
5,3,6,2,0,4,3,2,3,7,35
0,4,4,2,2,3,6,9,5,8,43
5,5,7,9,6,0,6,1,0,5,44
0,2,0,2,0,7,5,3,5,4,28
4,6,9,6,2,7,5,4,0,2,45
1,0,7,7,1,5,1,5,6,1,34
3,1,5,2,3,1,4,2,5,3,29
7,7,2,2,4,2,8,4,1,8,45
2,6,7,6,6,4,4,2,7,1,45
0,9,8,5,2,2,0,3,5,4,38
5,2,5,6,7,7,5,6,4,1,48
1,8,0,8,2,7,2,9,3,6,46
9,7,2,1,8,3,3,8,8,6,55
6,2,9,3,2,0,2,1,7,8,40
7,8,4,4,8,8,1,6,7,5,58
4,4,7,5,0,3,2,4,7,3,39
3,1,1,3,6,9,3,7,5,5,43
8,0,9,4,6,9,5,5,7,2,55
3,2,6,8,5,3,5,7,2,3,44
8,7,5,1,5,9,1,2,7,4,49
3,5,1,6,4,8,6,2,2,0,37
1,0,1,5,3,8,9,3,4,4,38
6,4,1,5,0,4,6,1,5,2,34
9,3,1,1,4,4,9,5,9,7,52
2,7,4,2,3,6,2,5,0,6,37
9,5,4,7,9,3,9,8,9,8,71
7,8,9,7,7,9,9,9,4,8,77
7,1,0,6,8,4,8,8,1,1,44
8,4,8,4,6,9,9,6,4,8,66
8,5,1,0,2,5,8,2,7,3,41
8,9,9,2,5,0,5,6,7,1,52
1,1,1,7,6,2,9,3,8,9,47
2,7,1,5,8,6,3,8,7,8,55
6,9,5,1,0,3,4,3,0,1,32
7,8,6,3,2,5,9,7,1,9,57
3,5,1,3,0,6,0,6,1,1,26
9,9,3,8,7,8,1,9,9,8,71
4,9,4,7,7,8,6,3,2,3,53
1,1,5,7,6,9,3,1,3,8,44
5,1,2,2,4,3,2,5,5,5,34
2,4,8,7,2,6,7,6,7,8,57
6,9,4,9,7,8,5,8,9,7,72
3,5,8,5,4,5,4,7,3,9,53
7,5,6,6,2,0,1,6,4,0,37
7,8,2,2,4,0,5,3,2,7,40
7,3,8,2,4,8,5,7,9,0,53
4,1,5,2,8,7,1,8,3,5,44
4,1,3,8,9,9,4,8,6,7,59
7,1,7,5,1,8,7,4,9,9,58
7,5,2,2,1,0,1,6,9,3,36
4,5,3,7,4,5,1,9,8,0,46
6,7,1,2,8,9,4,0,3,5,45
9,0,5,9,2,6,1,4,2,9,47
4,9,6,7,9,4,6,8,2,2,57
9,2,0,1,4,5,8,6,3,3,41
5,9,7,7,4,6,4,4,5,3,54
9,7,4,2,7,7,5,1,0,6,48
4,8,2,3,9,6,2,3,2,9,48
9,2,8,1,0,4,8,8,8,9,57
0,0,1,5,6,7,3,3,2,5,32
0,9,2,7,0,0,7,7,5,1,38
5,7,0,5,3,7,7,3,7,3,47
0,4,3,4,0,7,7,0,6,3,34
2,6,7,5,4,1,6,4,9,6,50
3,7,8,3,8,8,7,9,5,5,63
1,0,8,9,1,6,9,0,7,0,41
5,9,4,7,3,5,1,8,5,8,55
8,4,9,0,9,4,0,1,2,2,39
7,5,3,8,8,1,9,0,6,0,47
4,9,1,4,1,7,6,9,6,2,49
6,2,9,8,0,5,2,3,9,4,48
8,1,6,6,4,9,9,5,5,8,61
9,3,5,3,5,8,7,4,4,3,51
2,0,4,2,0,0,9,7,3,5,32
0,9,9,3,0,1,3,9,6,5,45
1,9,3,3,0,3,2,1,7,9,38
2,4,3,7,0,9,4,8,4,0,41
7,5,3,3,1,0,3,2,6,6,36
6,2,9,2,5,3,9,5,0,0,41
3,8,6,7,1,7,2,8,5,5,52
2,2,0,4,8,6,7,0,7,7,43
7,4,6,9,5,4,1,1,1,1,39
5,8,1,1,0,9,0,6,6,8,44
7,4,4,6,2,9,1,5,1,2,41
0,9,9,9,9,8,2,7,9,2,64
2,0,1,5,0,1,0,5,7,3,24
4,3,9,0,3,2,5,8,2,5,41
6,7,6,3,8,3,4,7,5,6,55
5,0,3,5,6,3,5,6,8,5,46
5,0,9,9,6,9,7,5,8,0,58
8,4,0,1,5,0,0,8,0,3,29
9,8,2,4,5,5,4,1,7,3,48
1,5,9,2,2,6,9,9,4,5,52
4,1,9,7,5,8,2,3,7,0,46
6,6,3,4,4,1,0,6,0,4,34
9,0,4,8,3,4,1,7,3,7,46
1,3,5,1,8,2,4,7,8,8,47
1,8,5,7,6,9,1,9,8,0,54
8,8,1,1,3,7,9,6,6,5,54
6,6,7,0,5,3,5,6,0,7,45
2,5,0,6,4,0,7,6,1,3,34
7,6,3,1,9,1,7,0,8,5,47
8,9,8,9,9,6,4,1,7,7,68
7,3,7,7,3,3,6,3,3,4,46
4,6,8,5,8,7,4,6,0,9,57
3,6,6,5,6,6,3,4,9,2,50
4,5,8,6,9,5,1,5,8,4,55
4,0,4,2,0,4,5,4,3,2,28
3,6,8,3,0,4,6,7,8,1,46
0,4,0,3,2,3,8,6,9,1,36
4,3,2,3,5,3,3,7,7,0,37
9,1,3,6,8,8,1,5,9,5,55
0,2,1,7,6,6,5,3,8,1,39
7,2,1,8,8,6,9,7,3,8,59
9,3,5,0,5,6,7,9,2,5,51
4,4,4,9,6,6,2,8,1,5,49
